{
   "$schema": "https://json-schema.org/draft/2020-12/schema",
   "$id": "http://jetuml.org/docs/schema/3.0/state.schema.json",
   "title": "JetUML File Format for State Diagrams",
   "type": "object",
   "required": [
      "diagram",
      "nodes",
      "edges",
      "version"
   ],
   "properties": {
      "diagram": {"const": "StateDiagram"},
      "nodes": {
         "type": "array",
         "uniqueItems": true,
         "items": {
            "type": "object",
            "required": [
               "x",
               "y",
               "id",
               "type"
            ],
            "properties": {
               "x": {"type": "integer"},
               "y": {"type": "integer"},
               "id": {"type": "integer"},
               "type": {"enum": [
                  "PointNode",
                  "StateNode",
                  "InitialStateNode",
                  "NoteNode",
                  "FinalStateNode"
               ]},
               "children": {
                  "type": "array",
                  "uniqueItems": true,
                  "items": {"type": "integer"}
               },
               "name": {"type": "string"}
            },
            "allOf": [
               {
                  "if": {"properties": {"type": {"const": "PointNode"}}},
                  "then": {"required": []}
               },
               {
                  "if": {"properties": {"type": {"const": "StateNode"}}},
                  "then": {"required": ["name"]}
               },
               {
                  "if": {"properties": {"type": {"const": "InitialStateNode"}}},
                  "then": {"required": []}
               },
               {
                  "if": {"properties": {"type": {"const": "NoteNode"}}},
                  "then": {"required": ["name"]}
               },
               {
                  "if": {"properties": {"type": {"const": "FinalStateNode"}}},
                  "then": {"required": []}
               }
            ],
            "unevaluatedProperties": false
         }
      },
      "edges": {
         "type": "array",
         "uniqueItems": true,
         "items": {
            "type": "object",
            "required": [
               "start",
               "end",
               "type"
            ],
            "properties": {
               "start": {"type": "integer"},
               "end": {"type": "integer"},
               "type": {"enum": [
                  "StateTransitionEdge",
                  "NoteEdge"
               ]},
               "middleLabel": {"type": "string"}
            },
            "allOf": [
               {
                  "if": {"properties": {"type": {"const": "StateTransitionEdge"}}},
                  "then": {"required": ["middleLabel"]}
               },
               {
                  "if": {"properties": {"type": {"const": "NoteEdge"}}},
                  "then": {"required": []}
               }
            ],
            "unevaluatedProperties": false
         }
      },
      "version": {"type": "string"}
   },
   "unevaluatedProperties": false
}
